job,state,years,sal_min,sal_avg
data scientist,AL,0,"68,500","93,500"
data analyst,AL,0,"39,500","54,000"
data science,AL,0,"68,500","93,500"
machine learning,AL,0,"67,000","93,500"
business analyst,AL,0,"52,500","70,500"
data engineer,AL,0,"56,500","74,500"
data scientist,AK,0,"76,500","105,000"
data analyst,AK,0,"48,500","66,500"
data science,AK,0,"76,500","105,000"
machine learning,AK,0,"75,000","104,500"
business analyst,AK,0,"60,500","81,000"
data engineer,AK,0,"68,500","91,000"
data scientist,AZ,0,"74,500","102,000"
data analyst,AZ,0,"46,000","62,500"
data science,AZ,0,"74,000","101,500"
machine learning,AZ,0,"73,000","101,500"
business analyst,AZ,0,"59,500","80,000"
data engineer,AZ,0,"64,500","85,000"
data scientist,AR,0,"70,000","96,000"
data analyst,AR,0,"41,000","56,000"
data science,AR,0,"69,500","95,500"
machine learning,AR,0,"68,500","95,500"
business analyst,AR,0,"54,500","73,000"
data engineer,AR,0,"60,500","80,500"
data scientist,CA,0,"79,500","108,500"
data analyst,CA,0,"50,500","69,000"
data science,CA,0,"79,500","109,000"
machine learning,CA,0,"77,000","107,500"
business analyst,CA,0,"65,000","87,000"
data engineer,CA,0,"73,500","97,500"
data scientist,CO,0,"79,500","109,000"
data analyst,CO,0,"50,500","69,000"
data science,CO,0,"79,500","109,000"
machine learning,CO,0,"79,000","111,000"
business analyst,CO,0,"63,500","85,500"
data engineer,CO,0,"72,000","95,500"
data scientist,CT,0,"79,500","108,500"
data analyst,CT,0,"50,500","69,500"
data science,CT,0,"79,500","108,500"
machine learning,CT,0,"79,500","111,000"
business analyst,CT,0,"66,000","88,500"
data engineer,CT,0,"73,500","97,500"
data scientist,DE,0,"75,000","103,000"
data analyst,DE,0,"47,500","65,000"
data science,DE,0,"75,000","103,000"
machine learning,DE,0,"74,000","103,000"
business analyst,DE,0,"60,000","80,000"
data engineer,DE,0,"67,000","88,500"
data scientist,FL,0,"74,000","101,000"
data analyst,FL,0,"46,000","63,000"
data science,FL,0,"74,000","101,000"
machine learning,FL,0,"73,000","102,000"
business analyst,FL,0,"59,000","79,000"
data engineer,FL,0,"64,000","84,500"
data scientist,GA,0,"72,000","98,500"
data analyst,GA,0,"43,000","59,000"
data science,GA,0,"72,500","99,500"
machine learning,GA,0,"71,000","99,500"
business analyst,GA,0,"57,000","76,500"
data engineer,GA,0,"60,000","79,500"
data scientist,HI,0,"75,000","103,000"
data analyst,HI,0,"47,500","65,000"
data science,HI,0,"76,000","104,000"
machine learning,HI,0,"74,500","103,500"
business analyst,HI,0,"60,000","80,500"
data engineer,HI,0,"66,500","88,000"
data scientist,ID,0,"74,500","102,000"
data analyst,ID,0,"46,000","62,500"
data science,ID,0,"74,500","102,000"
machine learning,ID,0,"74,500","104,500"
business analyst,ID,0,"59,500","80,000"
data engineer,ID,0,"64,500","85,000"
data scientist,IL,0,"76,500","104,500"
data analyst,IL,0,"47,000","64,000"
data science,IL,0,"75,500","103,000"
machine learning,IL,0,"75,500","105,500"
business analyst,IL,0,"60,500","81,000"
data engineer,IL,0,"66,500","88,500"
data scientist,IN,0,"70,000","95,500"
data analyst,IN,0,"40,500","55,500"
data science,IN,0,"70,000","95,500"
machine learning,IN,0,"68,500","96,000"
business analyst,IN,0,"54,000","72,500"
data engineer,IN,0,"57,000","76,000"
data scientist,IA,0,"72,500","99,500"
data analyst,IA,0,"43,000","59,000"
data science,IA,0,"72,000","98,500"
machine learning,IA,0,"71,500","100,000"
business analyst,IA,0,"57,000","76,500"
data engineer,IA,0,"62,500","83,000"
data scientist,KS,0,"72,500","99,500"
data analyst,KS,0,"43,000","58,500"
data science,KS,0,"72,500","99,500"
machine learning,KS,0,"72,500","101,500"
business analyst,KS,0,"57,000","76,500"
data engineer,KS,0,"60,000","79,500"
data scientist,KY,0,"72,000","98,500"
data analyst,KY,0,"43,000","58,500"
data science,KY,0,"72,500","99,500"
machine learning,KY,0,"71,500","100,000"
business analyst,KY,0,"57,000","76,500"
data engineer,KY,0,"62,500","83,000"
data scientist,LA,0,"69,000","94,000"
data analyst,LA,0,"40,000","55,000"
data science,LA,0,"69,000","94,000"
machine learning,LA,0,"69,000","96,500"
business analyst,LA,0,"53,000","71,000"
data engineer,LA,0,"56,500","75,000"
data scientist,ME,0,"74,000","101,000"
data analyst,ME,0,"46,000","63,000"
data science,ME,0,"74,000","101,000"
machine learning,ME,0,"73,000","102,000"
business analyst,ME,0,"59,500","80,000"
data engineer,ME,0,"64,000","84,500"
data scientist,MD,0,"79,500","109,000"
data analyst,MD,0,"51,500","70,500"
data science,MD,0,"79,500","108,500"
machine learning,MD,0,"77,500","108,000"
business analyst,MD,0,"65,000","87,000"
data engineer,MD,0,"71,500","95,000"
data scientist,MA,0,"83,000","114,000"
data analyst,MA,0,"52,500","72,000"
data science,MA,0,"83,000","114,000"
machine learning,MA,0,"80,500","112,500"
business analyst,MA,0,"69,000","92,000"
data engineer,MA,0,"74,000","98,000"
data scientist,MI,0,"73,000","100,000"
data analyst,MI,0,"45,000","61,500"
data science,MI,0,"73,000","100,500"
machine learning,MI,0,"72,000","100,500"
business analyst,MI,0,"58,500","78,500"
data engineer,MI,0,"64,000","84,500"
data scientist,MN,0,"78,000","107,000"
data analyst,MN,0,"49,000","67,000"
data science,MN,0,"78,000","107,000"
machine learning,MN,0,"77,000","108,000"
business analyst,MN,0,"62,000","83,000"
data engineer,MN,0,"70,500","93,500"
data scientist,MS,0,"67,500","92,500"
data analyst,MS,0,"38,000","52,500"
data science,MS,0,"66,500","91,000"
machine learning,MS,0,"65,500","91,500"
business analyst,MS,0,"51,500","69,000"
data engineer,MS,0,"57,500","76,500"
data scientist,MO,0,"72,500","99,500"
data analyst,MO,0,"43,000","59,000"
data science,MO,0,"72,000","98,500"
machine learning,MO,0,"71,000","99,500"
business analyst,MO,0,"57,000","76,500"
data engineer,MO,0,"60,000","79,500"
data scientist,MT,0,"76,000","104,000"
data analyst,MT,0,"46,000","63,000"
data science,MT,0,"75,000","103,000"
machine learning,MT,0,"75,000","105,000"
business analyst,MT,0,"60,000","80,000"
data engineer,MT,0,"65,500","87,000"
data scientist,NE,0,"74,000","101,500"
data analyst,NE,0,"46,000","63,500"
data science,NE,0,"74,000","101,500"
machine learning,NE,0,"73,000","102,000"
business analyst,NE,0,"59,500","80,000"
data engineer,NE,0,"65,500","87,000"
data scientist,NV,0,"73,000","100,000"
data analyst,NV,0,"45,000","61,500"
data science,NV,0,"73,000","100,500"
machine learning,NV,0,"72,000","100,500"
business analyst,NV,0,"58,500","78,500"
data engineer,NV,0,"63,000","83,000"
data scientist,NH,0,"79,500","108,500"
data analyst,NH,0,"50,500","69,000"
data science,NH,0,"79,500","108,500"
machine learning,NH,0,"77,500","108,000"
business analyst,NH,0,"65,000","87,000"
data engineer,NH,0,"73,500","97,500"
data scientist,NJ,0,"83,000","114,000"
data analyst,NJ,0,"52,500","72,000"
data science,NJ,0,"83,000","114,000"
machine learning,NJ,0,"81,000","113,000"
business analyst,NJ,0,"69,000","92,000"
data engineer,NJ,0,"75,000","99,000"
data scientist,NM,0,"72,500","99,500"
data analyst,NM,0,"43,000","59,000"
data science,NM,0,"72,500","99,500"
machine learning,NM,0,"70,500","98,500"
business analyst,NM,0,"57,000","76,500"
data engineer,NM,0,"62,500","83,000"
data scientist,NY,0,"78,000","107,000"
data analyst,NY,0,"49,500","68,000"
data science,NY,0,"78,000","107,000"
machine learning,NY,0,"78,500","109,500"
business analyst,NY,0,"64,000","85,500"
data engineer,NY,0,"72,500","96,000"
data scientist,NC,0,"72,000","98,500"
data analyst,NC,0,"43,000","58,500"
data science,NC,0,"72,000","98,500"
machine learning,NC,0,"71,500","100,000"
business analyst,NC,0,"57,000","76,500"
data engineer,NC,0,"60,000","79,500"
data scientist,ND,0,"71,000","97,000"
data analyst,ND,0,"41,500","56,500"
data science,ND,0,"70,500","96,500"
machine learning,ND,0,"70,500","99,000"
business analyst,ND,0,"55,000","74,000"
data engineer,ND,0,"58,500","77,500"
data scientist,OH,0,"72,500","99,500"
data analyst,OH,0,"43,000","59,000"
data science,OH,0,"72,500","99,500"
machine learning,OH,0,"71,500","100,000"
business analyst,OH,0,"57,000","76,500"
data engineer,OH,0,"62,500","83,000"
data scientist,OK,0,"69,500","95,500"
data analyst,OK,0,"40,500","55,500"
data science,OK,0,"69,500","95,500"
machine learning,OK,0,"69,500","97,500"
business analyst,OK,0,"54,000","72,500"
data engineer,OK,0,"60,000","79,500"
data scientist,OR,0,"74,500","102,000"
data analyst,OR,0,"46,000","62,500"
data science,OR,0,"74,500","102,000"
machine learning,OR,0,"74,500","104,500"
business analyst,OR,0,"60,000","80,000"
data engineer,OR,0,"64,500","85,000"
data scientist,PA,0,"75,000","103,000"
data analyst,PA,0,"46,000","63,000"
data science,PA,0,"76,000","104,000"
machine learning,PA,0,"74,500","103,500"
business analyst,PA,0,"60,000","80,500"
data engineer,PA,0,"66,000","87,500"
data scientist,RI,0,"78,000","106,500"
data analyst,RI,0,"50,000","68,500"
data science,RI,0,"78,000","106,500"
machine learning,RI,0,"76,500","106,500"
business analyst,RI,0,"64,000","85,500"
data engineer,RI,0,"71,000","94,000"
data scientist,SC,0,"69,500","95,000"
data analyst,SC,0,"40,000","55,000"
data science,SC,0,"69,000","94,000"
machine learning,SC,0,"68,000","95,000"
business analyst,SC,0,"53,000","71,000"
data engineer,SC,0,"59,500","79,000"
data scientist,SD,0,"68,500","93,500"
data analyst,SD,0,"39,500","54,000"
data science,SD,0,"68,500","93,500"
machine learning,SD,0,"67,500","94,500"
business analyst,SD,0,"52,500","70,500"
data engineer,SD,0,"58,500","78,000"
data scientist,TN,0,"70,500","96,500"
data analyst,TN,0,"41,500","56,500"
data science,TN,0,"70,500","96,500"
machine learning,TN,0,"70,000","97,500"
business analyst,TN,0,"55,000","73,500"
data engineer,TN,0,"61,500","81,500"
data scientist,TX,0,"76,000","104,000"
data analyst,TX,0,"47,000","64,000"
data science,TX,0,"75,000","103,000"
machine learning,TX,0,"76,000","106,500"
business analyst,TX,0,"60,000","80,500"
data engineer,TX,0,"67,000","88,500"
data scientist,UT,0,"78,000","107,000"
data analyst,UT,0,"49,500","67,500"
data science,UT,0,"78,000","106,500"
machine learning,UT,0,"78,000","109,000"
business analyst,UT,0,"63,500","85,000"
data engineer,UT,0,"72,500","96,000"
data scientist,VT,0,"75,000","103,000"
data analyst,VT,0,"47,000","64,000"
data science,VT,0,"75,000","103,000"
machine learning,VT,0,"74,000","103,000"
business analyst,VT,0,"60,000","80,000"
data engineer,VT,0,"66,500","88,000"
data scientist,VA,0,"77,500","106,500"
data analyst,VA,0,"50,000","68,500"
data science,VA,0,"77,500","106,500"
machine learning,VA,0,"78,000","109,000"
business analyst,VA,0,"63,500","85,000"
data engineer,VA,0,"72,000","95,500"
data scientist,WA,0,"78,000","106,500"
data analyst,WA,0,"49,000","67,000"
data science,WA,0,"78,000","107,000"
machine learning,WA,0,"76,000","106,000"
business analyst,WA,0,"63,000","84,500"
data engineer,WA,0,"70,500","93,500"
data scientist,WV,0,"72,500","99,500"
data analyst,WV,0,"43,000","58,500"
data science,WV,0,"72,000","98,500"
machine learning,WV,0,"71,500","100,000"
business analyst,WV,0,"57,000","76,500"
data engineer,WV,0,"62,500","83,000"
data scientist,WI,0,"73,000","100,500"
data analyst,WI,0,"45,000","61,500"
data science,WI,0,"73,000","100,500"
machine learning,WI,0,"73,500","102,500"
business analyst,WI,0,"58,500","78,500"
data engineer,WI,0,"63,000","83,000"
data scientist,WY,0,"73,000","100,000"
data analyst,WY,0,"44,500","61,000"
data science,WY,0,"72,500","99,500"
machine learning,WY,0,"73,000","102,500"
business analyst,WY,0,"58,500","78,000"
data engineer,WY,0,"62,500","83,000"
data scientist,AL,1,"59,500","82,000"
data analyst,AL,1,"38,000","52,000"
data science,AL,1,"59,500","82,000"
machine learning,AL,1,"60,000","84,000"
business analyst,AL,1,"45,500","61,000"
data engineer,AL,1,"53,000","70,000"
data scientist,AK,1,"65,000","89,000"
data analyst,AK,1,"43,000","58,500"
data science,AK,1,"65,000","89,000"
machine learning,AK,1,"66,500","93,000"
business analyst,AK,1,"52,000","69,500"
data engineer,AK,1,"60,000","79,000"
data scientist,AZ,1,"65,000","89,000"
data analyst,AZ,1,"41,500","56,500"
data science,AZ,1,"63,000","86,000"
machine learning,AZ,1,"65,000","90,500"
business analyst,AZ,1,"51,000","68,000"
data engineer,AZ,1,"58,500","77,500"
data scientist,AR,1,"59,000","81,000"
data analyst,AR,1,"38,500","52,500"
data science,AR,1,"61,000","83,500"
machine learning,AR,1,"61,000","85,500"
business analyst,AR,1,"47,000","63,000"
data engineer,AR,1,"54,500","72,500"
data scientist,CA,1,"68,000","93,000"
data analyst,CA,1,"45,500","62,500"
data science,CA,1,"69,000","94,000"
machine learning,CA,1,"68,500","95,500"
business analyst,CA,1,"56,000","75,000"
data engineer,CA,1,"64,500","85,500"
data scientist,CO,1,"68,000","93,500"
data analyst,CO,1,"44,500","60,500"
data science,CO,1,"67,000","91,500"
machine learning,CO,1,"67,500","94,500"
business analyst,CO,1,"53,500","71,500"
data engineer,CO,1,"63,500","84,000"
data scientist,CT,1,"67,500","92,500"
data analyst,CT,1,"45,500","62,000"
data science,CT,1,"67,500","92,500"
machine learning,CT,1,"69,500","97,000"
business analyst,CT,1,"56,500","76,000"
data engineer,CT,1,"63,500","84,000"
data scientist,DE,1,"64,500","88,500"
data analyst,DE,1,"43,000","58,500"
data science,DE,1,"64,500","88,500"
machine learning,DE,1,"65,000","90,500"
business analyst,DE,1,"50,500","68,000"
data engineer,DE,1,"59,000","78,000"
data scientist,FL,1,"65,000","89,000"
data analyst,FL,1,"42,000","57,500"
data science,FL,1,"65,000","89,000"
machine learning,FL,1,"65,000","91,000"
business analyst,FL,1,"50,000","67,000"
data engineer,FL,1,"58,500","77,500"
data scientist,GA,1,"63,000","86,500"
data analyst,GA,1,"40,500","55,500"
data science,GA,1,"63,000","86,500"
machine learning,GA,1,"63,500","89,000"
business analyst,GA,1,"49,500","66,000"
data engineer,GA,1,"56,500","74,500"
data scientist,HI,1,"64,500","88,500"
data analyst,HI,1,"42,000","57,500"
data science,HI,1,"65,000","89,000"
machine learning,HI,1,"64,500","90,000"
business analyst,HI,1,"50,500","68,000"
data engineer,HI,1,"59,000","78,000"
data scientist,ID,1,"63,000","86,000"
data analyst,ID,1,"41,500","56,500"
data science,ID,1,"63,000","86,000"
machine learning,ID,1,"64,500","90,000"
business analyst,ID,1,"50,000","67,000"
data engineer,ID,1,"57,000","75,500"
data scientist,IL,1,"64,500","88,500"
data analyst,IL,1,"42,500","58,500"
data science,IL,1,"64,500","88,500"
machine learning,IL,1,"65,000","90,500"
business analyst,IL,1,"51,000","68,000"
data engineer,IL,1,"59,000","78,000"
data scientist,IN,1,"59,000","81,000"
data analyst,IN,1,"39,000","53,500"
data science,IN,1,"59,000","81,000"
machine learning,IN,1,"59,500","83,500"
business analyst,IN,1,"47,000","62,500"
data engineer,IN,1,"53,000","70,500"
data scientist,IA,1,"63,000","86,500"
data analyst,IA,1,"41,000","56,500"
data science,IA,1,"62,000","85,000"
machine learning,IA,1,"62,500","87,500"
business analyst,IA,1,"49,500","66,000"
data engineer,IA,1,"56,000","74,000"
data scientist,KS,1,"62,000","84,500"
data analyst,KS,1,"40,000","55,000"
data science,KS,1,"63,000","86,500"
machine learning,KS,1,"63,500","89,000"
business analyst,KS,1,"49,000","65,500"
data engineer,KS,1,"56,500","74,500"
data scientist,KY,1,"62,000","85,000"
data analyst,KY,1,"40,500","55,500"
data science,KY,1,"62,000","85,000"
machine learning,KY,1,"62,500","87,500"
business analyst,KY,1,"49,500","66,000"
data engineer,KY,1,"56,000","74,000"
data scientist,LA,1,"58,500","80,500"
data analyst,LA,1,"39,000","53,000"
data science,LA,1,"60,500","82,500"
machine learning,LA,1,"60,500","84,500"
business analyst,LA,1,"46,500","62,000"
data engineer,LA,1,"53,500","71,000"
data scientist,ME,1,"63,000","86,500"
data analyst,ME,1,"41,500","56,500"
data science,ME,1,"65,000","89,000"
machine learning,ME,1,"64,500","90,500"
business analyst,ME,1,"50,500","68,000"
data engineer,ME,1,"58,500","77,500"
data scientist,MD,1,"68,000","93,000"
data analyst,MD,1,"45,500","62,500"
data science,MD,1,"69,000","94,000"
machine learning,MD,1,"68,500","95,500"
business analyst,MD,1,"56,000","75,000"
data engineer,MD,1,"63,500","84,500"
data scientist,MA,1,"71,000","97,500"
data analyst,MA,1,"46,500","63,500"
data science,MA,1,"71,000","97,500"
machine learning,MA,1,"72,500","101,000"
business analyst,MA,1,"59,500","79,500"
data engineer,MA,1,"64,500","85,500"
data scientist,MI,1,"62,500","85,500"
data analyst,MI,1,"40,500","55,500"
data science,MI,1,"62,500","85,500"
machine learning,MI,1,"63,500","88,500"
business analyst,MI,1,"50,000","66,500"
data engineer,MI,1,"57,000","75,500"
data scientist,MN,1,"66,000","90,500"
data analyst,MN,1,"44,000","60,000"
data science,MN,1,"66,000","90,500"
machine learning,MN,1,"67,500","94,000"
business analyst,MN,1,"52,500","70,500"
data engineer,MN,1,"61,500","81,500"
data scientist,MS,1,"59,000","81,000"
data analyst,MS,1,"37,000","50,500"
data science,MS,1,"59,000","81,000"
machine learning,MS,1,"58,500","81,500"
business analyst,MS,1,"44,500","60,000"
data engineer,MS,1,"52,000","69,000"
data scientist,MO,1,"62,000","84,500"
data analyst,MO,1,"40,000","55,000"
data science,MO,1,"62,000","84,500"
machine learning,MO,1,"62,500","87,500"
business analyst,MO,1,"49,000","65,500"
data engineer,MO,1,"56,500","74,500"
data scientist,MT,1,"64,500","88,500"
data analyst,MT,1,"42,000","57,500"
data science,MT,1,"65,000","89,000"
machine learning,MT,1,"65,500","91,500"
business analyst,MT,1,"50,500","68,000"
data engineer,MT,1,"58,500","77,500"
data scientist,NE,1,"65,000","89,000"
data analyst,NE,1,"42,000","57,500"
data science,NE,1,"65,000","89,000"
machine learning,NE,1,"64,500","90,000"
business analyst,NE,1,"50,500","68,000"
data engineer,NE,1,"58,500","77,500"
data scientist,NV,1,"64,500","88,000"
data analyst,NV,1,"41,500","57,000"
data science,NV,1,"64,500","88,000"
machine learning,NV,1,"63,500","89,000"
business analyst,NV,1,"50,000","67,000"
data engineer,NV,1,"56,500","75,000"
data scientist,NH,1,"68,000","93,000"
data analyst,NH,1,"45,500","62,500"
data science,NH,1,"69,000","94,000"
machine learning,NH,1,"68,500","96,000"
business analyst,NH,1,"56,000","75,000"
data engineer,NH,1,"64,500","85,500"
data scientist,NJ,1,"71,000","97,500"
data analyst,NJ,1,"46,500","63,500"
data science,NJ,1,"71,000","97,500"
machine learning,NJ,1,"69,500","97,500"
business analyst,NJ,1,"59,500","79,500"
data engineer,NJ,1,"65,000","86,000"
data scientist,NM,1,"63,000","86,500"
data analyst,NM,1,"40,000","55,000"
data science,NM,1,"62,000","85,000"
machine learning,NM,1,"62,500","87,500"
business analyst,NM,1,"49,500","66,000"
data engineer,NM,1,"56,500","74,500"
data scientist,NY,1,"66,500","91,000"
data analyst,NY,1,"44,000","60,000"
data science,NY,1,"66,500","91,000"
machine learning,NY,1,"68,500","95,500"
business analyst,NY,1,"53,500","71,500"
data engineer,NY,1,"61,000","80,500"
data scientist,NC,1,"63,000","86,500"
data analyst,NC,1,"40,500","55,500"
data science,NC,1,"62,000","85,000"
machine learning,NC,1,"63,500","89,000"
business analyst,NC,1,"49,000","65,500"
data engineer,NC,1,"56,000","74,000"
data scientist,ND,1,"62,000","84,500"
data analyst,ND,1,"39,000","53,000"
data science,ND,1,"62,000","84,500"
machine learning,ND,1,"61,000","85,500"
business analyst,ND,1,"47,500","64,000"
data engineer,ND,1,"55,000","73,000"
data scientist,OH,1,"62,000","85,000"
data analyst,OH,1,"40,000","55,000"
data science,OH,1,"63,000","86,500"
machine learning,OH,1,"62,500","87,000"
business analyst,OH,1,"49,500","66,000"
data engineer,OH,1,"56,000","74,000"
data scientist,OK,1,"59,000","81,000"
data analyst,OK,1,"38,000","52,000"
data science,OK,1,"59,000","81,000"
machine learning,OK,1,"61,000","85,500"
business analyst,OK,1,"47,000","62,500"
data engineer,OK,1,"53,000","70,500"
data scientist,OR,1,"65,000","89,000"
data analyst,OR,1,"41,500","56,500"
data science,OR,1,"63,000","86,000"
machine learning,OR,1,"64,500","90,000"
business analyst,OR,1,"50,000","67,000"
data engineer,OR,1,"58,500","77,500"
data scientist,PA,1,"64,500","88,500"
data analyst,PA,1,"41,500","56,500"
data science,PA,1,"65,000","89,000"
machine learning,PA,1,"66,500","93,000"
business analyst,PA,1,"50,500","68,000"
data engineer,PA,1,"58,500","77,500"
data scientist,RI,1,"66,000","90,500"
data analyst,RI,1,"44,500","61,000"
data science,RI,1,"67,500","92,500"
machine learning,RI,1,"67,000","93,500"
business analyst,RI,1,"53,500","71,500"
data engineer,RI,1,"60,500","80,500"
data scientist,SC,1,"58,500","80,500"
data analyst,SC,1,"37,500","51,500"
data science,SC,1,"58,500","80,500"
machine learning,SC,1,"60,500","84,500"
business analyst,SC,1,"46,000","62,000"
data engineer,SC,1,"53,500","71,000"
data scientist,SD,1,"58,500","80,000"
data analyst,SD,1,"38,000","52,000"
data science,SD,1,"58,500","80,000"
machine learning,SD,1,"59,000","82,500"
business analyst,SD,1,"45,500","61,000"
data engineer,SD,1,"52,500","69,500"
data scientist,TN,1,"60,500","82,500"
data analyst,TN,1,"40,000","55,000"
data science,TN,1,"62,000","84,500"
machine learning,TN,1,"62,000","87,000"
business analyst,TN,1,"48,000","64,500"
data engineer,TN,1,"55,000","73,000"
data scientist,TX,1,"64,500","88,500"
data analyst,TX,1,"42,500","58,500"
data science,TX,1,"65,000","89,000"
machine learning,TX,1,"64,500","90,000"
business analyst,TX,1,"50,500","67,500"
data engineer,TX,1,"59,000","78,000"
data scientist,UT,1,"66,500","91,000"
data analyst,UT,1,"44,000","60,500"
data science,UT,1,"66,500","91,000"
machine learning,UT,1,"67,500","94,000"
business analyst,UT,1,"53,000","71,000"
data engineer,UT,1,"61,000","80,500"
data scientist,VT,1,"65,000","89,000"
data analyst,VT,1,"42,000","57,500"
data science,VT,1,"65,000","89,000"
machine learning,VT,1,"64,500","90,000"
business analyst,VT,1,"50,500","67,500"
data engineer,VT,1,"59,000","78,000"
data scientist,VA,1,"66,000","90,500"
data analyst,VA,1,"44,000","60,500"
data science,VA,1,"67,500","92,500"
machine learning,VA,1,"67,500","94,000"
business analyst,VA,1,"53,000","71,000"
data engineer,VA,1,"60,500","80,500"
data scientist,WA,1,"66,500","91,000"
data analyst,WA,1,"44,000","60,000"
data science,WA,1,"67,500","92,500"
machine learning,WA,1,"67,500","94,000"
business analyst,WA,1,"52,500","70,500"
data engineer,WA,1,"61,000","81,000"
data scientist,WV,1,"63,000","86,500"
data analyst,WV,1,"40,000","55,000"
data science,WV,1,"62,000","85,000"
machine learning,WV,1,"62,500","87,500"
business analyst,WV,1,"49,500","66,000"
data engineer,WV,1,"56,000","74,000"
data scientist,WI,1,"62,500","85,500"
data analyst,WI,1,"41,500","57,000"
data science,WI,1,"64,000","87,500"
machine learning,WI,1,"63,500","88,500"
business analyst,WI,1,"50,000","67,000"
data engineer,WI,1,"56,500","75,000"
data scientist,WY,1,"63,500","87,000"
data analyst,WY,1,"41,500","57,000"
data science,WY,1,"62,500","85,500"
machine learning,WY,1,"63,000","88,000"
business analyst,WY,1,"50,000","67,000"
data engineer,WY,1,"57,000","75,000"
data scientist,AL,3,"61,000","83,500"
data analyst,AL,3,"39,000","53,500"
data science,AL,3,"62,000","85,000"
machine learning,AL,3,"61,500","86,000"
business analyst,AL,3,"48,500","64,500"
data engineer,AL,3,"54,500","72,000"
data scientist,AK,3,"68,000","93,000"
data analyst,AK,3,"45,500","62,000"
data science,AK,3,"68,000","93,000"
machine learning,AK,3,"70,000","97,500"
business analyst,AK,3,"55,500","74,500"
data engineer,AK,3,"63,000","83,500"
data scientist,AZ,3,"66,000","90,000"
data analyst,AZ,3,"44,000","60,000"
data science,AZ,3,"66,000","90,000"
machine learning,AZ,3,"66,500","93,500"
business analyst,AZ,3,"54,000","72,500"
data engineer,AZ,3,"61,500","81,000"
data scientist,AR,3,"62,000","85,000"
data analyst,AR,3,"42,000","57,500"
data science,AR,3,"64,000","88,000"
machine learning,AR,3,"64,000","89,000"
business analyst,AR,3,"50,000","67,000"
data engineer,AR,3,"57,000","75,500"
data scientist,CA,3,"71,000","97,000"
data analyst,CA,3,"48,500","66,500"
data science,CA,3,"72,000","98,500"
machine learning,CA,3,"73,000","102,000"
business analyst,CA,3,"60,000","80,500"
data engineer,CA,3,"68,000","90,000"
data scientist,CO,3,"71,500","97,500"
data analyst,CO,3,"48,000","66,000"
data science,CO,3,"71,500","97,500"
machine learning,CO,3,"72,000","100,500"
business analyst,CO,3,"57,500","77,000"
data engineer,CO,3,"66,500","88,500"
data scientist,CT,3,"70,500","96,500"
data analyst,CT,3,"49,000","67,000"
data science,CT,3,"70,500","96,500"
machine learning,CT,3,"71,000","99,500"
business analyst,CT,3,"60,500","81,000"
data engineer,CT,3,"66,500","88,500"
data scientist,DE,3,"67,500","92,500"
data analyst,DE,3,"44,500","61,000"
data science,DE,3,"68,500","94,000"
machine learning,DE,3,"68,000","95,000"
business analyst,DE,3,"55,000","73,500"
data engineer,DE,3,"62,000","82,000"
data scientist,FL,3,"66,000","90,500"
data analyst,FL,3,"45,500","62,000"
data science,FL,3,"68,000","93,500"
machine learning,FL,3,"67,500","94,000"
business analyst,FL,3,"54,500","73,000"
data engineer,FL,3,"61,000","81,000"
data scientist,GA,3,"66,000","90,500"
data analyst,GA,3,"43,500","59,500"
data science,GA,3,"66,000","90,500"
machine learning,GA,3,"66,500","93,000"
business analyst,GA,3,"52,500","70,000"
data engineer,GA,3,"58,000","76,500"
data scientist,HI,3,"68,500","94,000"
data analyst,HI,3,"46,500","63,500"
data science,HI,3,"67,500","92,500"
machine learning,HI,3,"69,500","97,500"
business analyst,HI,3,"54,500","73,000"
data engineer,HI,3,"61,500","81,500"
data scientist,ID,3,"68,500","93,500"
data analyst,ID,3,"45,500","62,000"
data science,ID,3,"66,000","90,000"
machine learning,ID,3,"67,500","94,500"
business analyst,ID,3,"54,500","73,000"
data engineer,ID,3,"61,500","81,000"
data scientist,IL,3,"67,500","92,500"
data analyst,IL,3,"44,500","61,000"
data science,IL,3,"69,000","94,500"
machine learning,IL,3,"68,500","96,000"
business analyst,IL,3,"55,500","74,000"
data engineer,IL,3,"62,000","82,000"
data scientist,IN,3,"64,000","87,500"
data analyst,IN,3,"41,500","57,000"
data science,IN,3,"62,000","85,000"
machine learning,IN,3,"63,500","88,500"
business analyst,IN,3,"50,000","67,000"
data engineer,IN,3,"56,500","74,500"
data scientist,IA,3,"64,500","88,500"
data analyst,IA,3,"44,000","60,500"
data science,IA,3,"66,000","90,500"
machine learning,IA,3,"65,000","91,000"
business analyst,IA,3,"52,500","70,500"
data engineer,IA,3,"58,500","77,500"
data scientist,KS,3,"64,500","88,000"
data analyst,KS,3,"42,500","58,000"
data science,KS,3,"66,000","90,500"
machine learning,KS,3,"65,500","91,500"
business analyst,KS,3,"52,500","70,000"
data engineer,KS,3,"58,000","76,500"
data scientist,KY,3,"66,000","90,500"
data analyst,KY,3,"42,500","58,000"
data science,KY,3,"64,500","88,500"
machine learning,KY,3,"65,500","91,500"
business analyst,KY,3,"52,500","70,000"
data engineer,KY,3,"58,500","77,500"
data scientist,LA,3,"61,000","84,000"
data analyst,LA,3,"40,000","54,500"
data science,LA,3,"61,000","84,000"
machine learning,LA,3,"62,500","87,500"
business analyst,LA,3,"49,500","66,000"
data engineer,LA,3,"54,500","72,000"
data scientist,ME,3,"68,000","93,500"
data analyst,ME,3,"45,500","62,000"
data science,ME,3,"68,000","93,500"
machine learning,ME,3,"68,000","95,000"
business analyst,ME,3,"54,500","73,000"
data engineer,ME,3,"60,000","79,000"
data scientist,MD,3,"72,000","98,500"
data analyst,MD,3,"48,500","66,500"
data science,MD,3,"72,000","98,500"
machine learning,MD,3,"73,000","102,000"
business analyst,MD,3,"60,000","80,500"
data engineer,MD,3,"67,000","88,500"
data scientist,MA,3,"74,000","101,500"
data analyst,MA,3,"49,500","68,000"
data science,MA,3,"74,000","101,500"
machine learning,MA,3,"75,500","105,500"
business analyst,MA,3,"63,000","84,000"
data engineer,MA,3,"67,500","89,500"
data scientist,MI,3,"65,000","89,000"
data analyst,MI,3,"44,500","61,000"
data science,MI,3,"67,000","92,000"
machine learning,MI,3,"66,000","92,000"
business analyst,MI,3,"53,500","71,500"
data engineer,MI,3,"58,500","77,500"
data scientist,MN,3,"69,000","94,500"
data analyst,MN,3,"46,000","63,500"
data science,MN,3,"71,500","98,000"
machine learning,MN,3,"71,500","99,500"
business analyst,MN,3,"56,000","75,000"
data engineer,MN,3,"66,000","87,500"
data scientist,MS,3,"61,500","84,500"
data analyst,MS,3,"38,500","52,500"
data science,MS,3,"61,500","84,500"
machine learning,MS,3,"61,000","85,000"
business analyst,MS,3,"47,500","63,500"
data engineer,MS,3,"54,000","71,500"
data scientist,MO,3,"66,000","90,500"
data analyst,MO,3,"43,500","59,500"
data science,MO,3,"64,500","88,000"
machine learning,MO,3,"65,500","91,000"
business analyst,MO,3,"52,500","70,500"
data engineer,MO,3,"58,500","77,500"
data scientist,MT,3,"67,500","92,500"
data analyst,MT,3,"44,000","60,000"
data science,MT,3,"67,500","92,500"
machine learning,MT,3,"68,000","95,000"
business analyst,MT,3,"55,000","73,500"
data engineer,MT,3,"61,000","81,000"
data scientist,NE,3,"66,000","90,000"
data analyst,NE,3,"45,500","62,000"
data science,NE,3,"66,000","90,000"
machine learning,NE,3,"67,500","94,000"
business analyst,NE,3,"54,000","72,500"
data engineer,NE,3,"59,500","79,000"
data scientist,NV,3,"65,000","89,000"
data analyst,NV,3,"44,500","61,000"
data science,NV,3,"67,500","92,500"
machine learning,NV,3,"66,000","92,000"
business analyst,NV,3,"53,500","71,500"
data engineer,NV,3,"60,000","79,500"
data scientist,NH,3,"72,000","98,500"
data analyst,NH,3,"48,500","66,500"
data science,NH,3,"71,000","97,000"
machine learning,NH,3,"73,000","102,000"
business analyst,NH,3,"59,500","79,500"
data engineer,NH,3,"67,000","88,500"
data scientist,NJ,3,"74,500","102,000"
data analyst,NJ,3,"49,500","68,000"
data science,NJ,3,"74,000","101,500"
machine learning,NJ,3,"72,500","102,000"
business analyst,NJ,3,"63,000","84,000"
data engineer,NJ,3,"67,500","89,500"
data scientist,NM,3,"66,000","90,500"
data analyst,NM,3,"42,500","58,000"
data science,NM,3,"64,500","88,500"
machine learning,NM,3,"65,000","91,000"
business analyst,NM,3,"52,500","70,500"
data engineer,NM,3,"58,000","76,500"
data scientist,NY,3,"71,000","97,500"
data analyst,NY,3,"47,000","64,500"
data science,NY,3,"69,500","95,000"
machine learning,NY,3,"70,000","98,000"
business analyst,NY,3,"57,500","77,000"
data engineer,NY,3,"66,000","87,500"
data scientist,NC,3,"66,000","90,500"
data analyst,NC,3,"43,500","59,500"
data science,NC,3,"64,500","88,500"
machine learning,NC,3,"65,500","91,500"
business analyst,NC,3,"52,500","70,500"
data engineer,NC,3,"58,000","76,500"
data scientist,ND,3,"65,000","89,000"
data analyst,ND,3,"41,000","56,500"
data science,ND,3,"65,000","89,000"
machine learning,ND,3,"63,500","89,000"
business analyst,ND,3,"51,000","68,000"
data engineer,ND,3,"57,500","76,500"
data scientist,OH,3,"64,500","88,500"
data analyst,OH,3,"42,500","58,000"
data science,OH,3,"66,000","90,500"
machine learning,OH,3,"65,500","91,500"
business analyst,OH,3,"52,500","70,500"
data engineer,OH,3,"58,500","77,500"
data scientist,OK,3,"64,000","87,500"
data analyst,OK,3,"40,000","55,000"
data science,OK,3,"62,000","85,000"
machine learning,OK,3,"63,500","89,000"
business analyst,OK,3,"49,500","66,500"
data engineer,OK,3,"56,500","74,500"
data scientist,OR,3,"68,500","93,500"
data analyst,OR,3,"45,500","62,000"
data science,OR,3,"66,000","90,000"
machine learning,OR,3,"66,500","93,500"
business analyst,OR,3,"54,500","73,000"
data engineer,OR,3,"59,500","79,000"
data scientist,PA,3,"67,500","92,500"
data analyst,PA,3,"46,500","63,500"
data science,PA,3,"67,500","92,500"
machine learning,PA,3,"68,500","96,000"
business analyst,PA,3,"55,000","73,500"
data engineer,PA,3,"61,500","81,500"
data scientist,RI,3,"71,000","97,000"
data analyst,RI,3,"48,000","65,500"
data science,RI,3,"71,000","97,000"
machine learning,RI,3,"71,000","99,500"
business analyst,RI,3,"57,500","77,000"
data engineer,RI,3,"64,000","84,500"
data scientist,SC,3,"63,000","86,500"
data analyst,SC,3,"40,000","54,500"
data science,SC,3,"61,000","84,000"
machine learning,SC,3,"63,000","88,000"
business analyst,SC,3,"48,500","65,000"
data engineer,SC,3,"54,500","72,000"
data scientist,SD,3,"61,000","83,500"
data analyst,SD,3,"39,000","53,500"
data science,SD,3,"61,000","83,500"
machine learning,SD,3,"61,500","86,000"
business analyst,SD,3,"48,500","64,500"
data engineer,SD,3,"54,500","72,000"
data scientist,TN,3,"65,000","89,000"
data analyst,TN,3,"42,500","58,500"
data science,TN,3,"65,000","89,000"
machine learning,TN,3,"63,500","89,000"
business analyst,TN,3,"51,000","68,000"
data engineer,TN,3,"56,500","75,000"
data scientist,TX,3,"67,500","92,500"
data analyst,TX,3,"44,500","61,000"
data science,TX,3,"68,500","94,000"
machine learning,TX,3,"69,500","97,500"
business analyst,TX,3,"55,000","73,500"
data engineer,TX,3,"61,500","81,500"
data scientist,UT,3,"71,000","97,500"
data analyst,UT,3,"48,000","66,000"
data science,UT,3,"69,500","95,000"
machine learning,UT,3,"71,500","99,500"
business analyst,UT,3,"57,500","77,000"
data engineer,UT,3,"66,000","87,500"
data scientist,VT,3,"68,500","94,000"
data analyst,VT,3,"46,500","63,500"
data science,VT,3,"68,500","94,000"
machine learning,VT,3,"69,500","97,500"
business analyst,VT,3,"55,000","73,500"
data engineer,VT,3,"62,000","82,000"
data scientist,VA,3,"71,000","97,000"
data analyst,VA,3,"48,000","65,500"
data science,VA,3,"71,000","97,000"
machine learning,VA,3,"71,000","99,000"
business analyst,VA,3,"57,500","77,000"
data engineer,VA,3,"64,000","84,500"
data scientist,WA,3,"71,000","97,500"
data analyst,WA,3,"47,500","65,000"
data science,WA,3,"69,500","95,000"
machine learning,WA,3,"71,500","99,500"
business analyst,WA,3,"57,000","76,000"
data engineer,WA,3,"65,500","86,500"
data scientist,WV,3,"64,500","88,500"
data analyst,WV,3,"42,500","58,000"
data science,WV,3,"64,500","88,500"
machine learning,WV,3,"66,500","93,000"
business analyst,WV,3,"52,500","70,500"
data engineer,WV,3,"58,500","77,500"
data scientist,WI,3,"65,000","89,000"
data analyst,WI,3,"43,000","59,000"
data science,WI,3,"65,000","89,000"
machine learning,WI,3,"67,000","93,500"
business analyst,WI,3,"53,500","71,500"
data engineer,WI,3,"58,500","77,500"
data scientist,WY,3,"66,500","91,000"
data analyst,WY,3,"44,500","61,000"
data science,WY,3,"66,500","91,000"
machine learning,WY,3,"66,000","92,500"
business analyst,WY,3,"53,500","71,500"
data engineer,WY,3,"59,000","78,500"
data scientist,AL,5,"66,000","90,500"
data analyst,AL,5,"40,500","55,000"
data science,AL,5,"66,000","90,500"
machine learning,AL,5,"65,500","92,000"
business analyst,AL,5,"53,500","71,500"
data engineer,AL,5,"57,500","76,000"
data scientist,AK,5,"74,500","101,500"
data analyst,AK,5,"49,000","67,000"
data science,AK,5,"74,000","101,000"
machine learning,AK,5,"74,000","103,000"
business analyst,AK,5,"60,500","81,000"
data engineer,AK,5,"67,500","89,500"
data scientist,AZ,5,"73,000","100,000"
data analyst,AZ,5,"47,000","64,500"
data science,AZ,5,"72,000","98,500"
machine learning,AZ,5,"72,500","101,000"
business analyst,AZ,5,"61,000","81,500"
data engineer,AZ,5,"64,500","85,500"
data scientist,AR,5,"69,000","94,000"
data analyst,AR,5,"43,000","58,500"
data science,AR,5,"67,000","92,000"
machine learning,AR,5,"68,000","95,500"
business analyst,AR,5,"55,500","74,500"
data engineer,AR,5,"60,000","79,500"
data scientist,CA,5,"76,500","104,500"
data analyst,CA,5,"51,000","69,500"
data science,CA,5,"76,500","104,500"
machine learning,CA,5,"75,500","105,500"
business analyst,CA,5,"66,000","88,000"
data engineer,CA,5,"71,000","94,000"
data scientist,CO,5,"75,500","103,000"
data analyst,CO,5,"50,000","68,500"
data science,CO,5,"75,500","103,000"
machine learning,CO,5,"77,000","107,500"
business analyst,CO,5,"64,500","86,000"
data engineer,CO,5,"71,000","93,500"
data scientist,CT,5,"76,000","104,000"
data analyst,CT,5,"51,000","70,000"
data science,CT,5,"76,500","104,500"
machine learning,CT,5,"76,000","106,500"
business analyst,CT,5,"66,500","89,000"
data engineer,CT,5,"71,500","95,000"
data scientist,DE,5,"73,000","100,000"
data analyst,DE,5,"48,500","66,000"
data science,DE,5,"73,500","100,500"
machine learning,DE,5,"73,000","101,500"
business analyst,DE,5,"61,500","82,500"
data engineer,DE,5,"66,000","87,500"
data scientist,FL,5,"73,000","99,500"
data analyst,FL,5,"46,000","63,000"
data science,FL,5,"73,000","99,500"
machine learning,FL,5,"72,500","101,000"
business analyst,FL,5,"60,000","80,500"
data engineer,FL,5,"64,500","85,500"
data scientist,GA,5,"71,000","97,000"
data analyst,GA,5,"44,500","61,000"
data science,GA,5,"71,000","97,000"
machine learning,GA,5,"71,000","99,000"
business analyst,GA,5,"57,500","77,000"
data engineer,GA,5,"62,000","82,500"
data scientist,HI,5,"73,000","100,000"
data analyst,HI,5,"47,500","65,000"
data science,HI,5,"73,000","100,000"
machine learning,HI,5,"73,000","102,000"
business analyst,HI,5,"61,500","82,500"
data engineer,HI,5,"66,000","87,500"
data scientist,ID,5,"73,000","100,000"
data analyst,ID,5,"47,000","64,500"
data science,ID,5,"72,000","98,500"
machine learning,ID,5,"73,000","102,000"
business analyst,ID,5,"60,500","81,000"
data engineer,ID,5,"64,000","85,000"
data scientist,IL,5,"74,000","101,000"
data analyst,IL,5,"48,500","66,500"
data science,IL,5,"73,000","100,000"
machine learning,IL,5,"73,000","102,000"
business analyst,IL,5,"61,000","81,500"
data engineer,IL,5,"65,500","86,500"
data scientist,IN,5,"68,500","94,000"
data analyst,IN,5,"42,500","58,000"
data science,IN,5,"67,000","92,000"
machine learning,IN,5,"68,000","95,000"
business analyst,IN,5,"55,000","74,000"
data engineer,IN,5,"59,500","78,500"
data scientist,IA,5,"71,000","97,000"
data analyst,IA,5,"44,000","60,500"
data science,IA,5,"70,000","95,500"
machine learning,IA,5,"69,500","97,500"
business analyst,IA,5,"58,500","78,000"
data engineer,IA,5,"62,000","82,500"
data scientist,KS,5,"71,000","97,000"
data analyst,KS,5,"44,000","60,500"
data science,KS,5,"70,000","95,500"
machine learning,KS,5,"71,000","99,000"
business analyst,KS,5,"58,500","78,000"
data engineer,KS,5,"61,000","81,000"
data scientist,KY,5,"71,000","97,000"
data analyst,KY,5,"44,000","60,500"
data science,KY,5,"70,000","95,500"
machine learning,KY,5,"70,500","98,500"
business analyst,KY,5,"58,500","78,000"
data engineer,KY,5,"62,000","82,500"
data scientist,LA,5,"68,000","93,000"
data analyst,LA,5,"41,000","56,000"
data science,LA,5,"66,500","90,500"
machine learning,LA,5,"67,500","94,500"
business analyst,LA,5,"54,000","72,000"
data engineer,LA,5,"59,000","78,000"
data scientist,ME,5,"73,000","99,500"
data analyst,ME,5,"47,000","64,500"
data science,ME,5,"73,000","99,500"
machine learning,ME,5,"72,500","101,500"
business analyst,ME,5,"60,000","80,500"
data engineer,ME,5,"63,500","84,500"
data scientist,MD,5,"75,500","103,500"
data analyst,MD,5,"51,000","69,500"
data science,MD,5,"75,500","103,500"
machine learning,MD,5,"77,500","109,000"
business analyst,MD,5,"66,000","88,000"
data engineer,MD,5,"71,000","94,000"
data scientist,MA,5,"78,000","106,500"
data analyst,MA,5,"52,000","71,500"
data science,MA,5,"79,500","109,000"
machine learning,MA,5,"77,000","107,500"
business analyst,MA,5,"68,500","92,000"
data engineer,MA,5,"73,000","97,000"
data scientist,MI,5,"72,000","98,500"
data analyst,MI,5,"46,000","63,000"
data science,MI,5,"72,000","98,500"
machine learning,MI,5,"71,500","100,000"
business analyst,MI,5,"59,500","79,500"
data engineer,MI,5,"63,000","83,500"
data scientist,MN,5,"75,500","103,500"
data analyst,MN,5,"49,500","68,000"
data science,MN,5,"75,500","103,500"
machine learning,MN,5,"75,500","105,500"
business analyst,MN,5,"63,500","84,500"
data engineer,MN,5,"69,500","92,000"
data scientist,MS,5,"66,500","90,500"
data analyst,MS,5,"39,500","54,000"
data science,MS,5,"64,500","88,500"
machine learning,MS,5,"66,000","92,000"
business analyst,MS,5,"52,500","70,000"
data engineer,MS,5,"57,000","75,500"
data scientist,MO,5,"71,000","97,000"
data analyst,MO,5,"44,500","61,000"
data science,MO,5,"71,000","97,000"
machine learning,MO,5,"70,500","98,500"
business analyst,MO,5,"58,500","78,000"
data engineer,MO,5,"61,000","81,000"
data scientist,MT,5,"73,000","100,000"
data analyst,MT,5,"46,500","63,500"
data science,MT,5,"73,000","100,000"
machine learning,MT,5,"74,000","103,500"
business analyst,MT,5,"61,000","82,000"
data engineer,MT,5,"65,000","86,000"
data scientist,NE,5,"72,000","98,500"
data analyst,NE,5,"46,500","63,500"
data science,NE,5,"72,000","98,500"
machine learning,NE,5,"72,000","100,500"
business analyst,NE,5,"61,000","81,500"
data engineer,NE,5,"64,500","85,500"
data scientist,NV,5,"72,000","98,500"
data analyst,NV,5,"45,000","62,000"
data science,NV,5,"70,500","96,500"
machine learning,NV,5,"72,000","100,500"
business analyst,NV,5,"59,000","79,000"
data engineer,NV,5,"62,500","82,500"
data scientist,NH,5,"75,500","103,500"
data analyst,NH,5,"51,000","69,500"
data science,NH,5,"75,500","103,500"
machine learning,NH,5,"77,500","109,000"
business analyst,NH,5,"66,000","88,000"
data engineer,NH,5,"71,000","94,000"
data scientist,NJ,5,"78,000","106,500"
data analyst,NJ,5,"52,000","71,500"
data science,NJ,5,"78,000","106,500"
machine learning,NJ,5,"77,000","107,500"
business analyst,NJ,5,"68,500","92,000"
data engineer,NJ,5,"72,500","96,000"
data scientist,NM,5,"70,000","95,500"
data analyst,NM,5,"45,000","61,500"
data science,NM,5,"71,000","97,000"
machine learning,NM,5,"71,000","99,000"
business analyst,NM,5,"58,000","77,500"
data engineer,NM,5,"62,000","82,500"
data scientist,NY,5,"76,000","103,500"
data analyst,NY,5,"49,000","67,000"
data science,NY,5,"76,000","103,500"
machine learning,NY,5,"75,500","105,000"
business analyst,NY,5,"64,500","86,500"
data engineer,NY,5,"70,000","92,500"
data scientist,NC,5,"70,000","95,500"
data analyst,NC,5,"44,500","61,000"
data science,NC,5,"71,000","97,000"
machine learning,NC,5,"71,000","99,000"
business analyst,NC,5,"58,500","78,000"
data engineer,NC,5,"61,000","81,000"
data scientist,ND,5,"69,500","95,000"
data analyst,ND,5,"43,500","59,500"
data science,ND,5,"68,000","93,000"
machine learning,ND,5,"69,500","97,000"
business analyst,ND,5,"55,500","74,500"
data engineer,ND,5,"59,500","79,000"
data scientist,OH,5,"70,000","95,500"
data analyst,OH,5,"44,500","61,000"
data science,OH,5,"71,000","97,000"
machine learning,OH,5,"69,500","97,500"
business analyst,OH,5,"58,500","78,000"
data engineer,OH,5,"61,000","81,000"
data scientist,OK,5,"67,000","92,000"
data analyst,OK,5,"41,500","56,500"
data science,OK,5,"68,500","94,000"
machine learning,OK,5,"67,000","93,500"
business analyst,OK,5,"55,000","74,000"
data engineer,OK,5,"58,000","77,000"
data scientist,OR,5,"73,000","100,000"
data analyst,OR,5,"47,000","64,500"
data science,OR,5,"73,000","100,000"
machine learning,OR,5,"72,000","100,500"
business analyst,OR,5,"61,000","81,500"
data engineer,OR,5,"64,500","85,500"
data scientist,PA,5,"73,500","100,500"
data analyst,PA,5,"48,500","66,000"
data science,PA,5,"73,500","100,500"
machine learning,PA,5,"74,000","104,000"
business analyst,PA,5,"61,000","82,000"
data engineer,PA,5,"66,000","87,500"
data scientist,RI,5,"75,000","102,500"
data analyst,RI,5,"49,500","68,000"
data science,RI,5,"75,500","103,500"
machine learning,RI,5,"76,500","107,500"
business analyst,RI,5,"64,000","85,500"
data engineer,RI,5,"69,500","92,000"
data scientist,SC,5,"68,000","93,000"
data analyst,SC,5,"41,000","56,000"
data science,SC,5,"68,000","93,000"
machine learning,SC,5,"67,500","94,000"
business analyst,SC,5,"55,000","73,500"
data engineer,SC,5,"59,000","78,000"
data scientist,SD,5,"67,000","91,500"
data analyst,SD,5,"41,500","56,500"
data science,SD,5,"67,000","91,500"
machine learning,SD,5,"67,000","93,500"
business analyst,SD,5,"53,500","71,500"
data engineer,SD,5,"57,500","76,000"
data scientist,TN,5,"69,500","95,000"
data analyst,TN,5,"42,500","58,000"
data science,TN,5,"68,000","93,000"
machine learning,TN,5,"69,000","96,500"
business analyst,TN,5,"56,500","75,500"
data engineer,TN,5,"59,500","79,000"
data scientist,TX,5,"73,500","100,500"
data analyst,TX,5,"48,500","66,500"
data science,TX,5,"73,500","100,500"
machine learning,TX,5,"73,000","102,000"
business analyst,TX,5,"60,500","81,000"
data engineer,TX,5,"66,000","87,500"
data scientist,UT,5,"75,000","103,000"
data analyst,UT,5,"49,000","67,000"
data science,UT,5,"75,500","103,500"
machine learning,UT,5,"75,500","105,000"
business analyst,UT,5,"64,500","86,500"
data engineer,UT,5,"70,000","92,500"
data scientist,VT,5,"73,000","100,000"
data analyst,VT,5,"48,500","66,500"
data science,VT,5,"73,000","100,000"
machine learning,VT,5,"73,000","102,000"
business analyst,VT,5,"61,500","82,500"
data engineer,VT,5,"65,000","86,000"
data scientist,VA,5,"75,000","102,500"
data analyst,VA,5,"50,000","68,000"
data science,VA,5,"75,500","103,500"
machine learning,VA,5,"75,000","105,000"
business analyst,VA,5,"64,500","86,000"
data engineer,VA,5,"69,500","92,000"
data scientist,WA,5,"75,000","103,000"
data analyst,WA,5,"49,000","67,000"
data science,WA,5,"76,000","103,500"
machine learning,WA,5,"75,500","105,500"
business analyst,WA,5,"64,500","86,500"
data engineer,WA,5,"69,500","92,000"
data scientist,WV,5,"70,000","95,500"
data analyst,WV,5,"45,000","61,500"
data science,WV,5,"71,000","97,000"
machine learning,WV,5,"71,000","99,000"
business analyst,WV,5,"58,000","77,500"
data engineer,WV,5,"62,000","82,500"
data scientist,WI,5,"70,500","96,500"
data analyst,WI,5,"45,000","62,000"
data science,WI,5,"70,500","96,500"
machine learning,WI,5,"70,500","98,500"
business analyst,WI,5,"59,500","79,500"
data engineer,WI,5,"62,500","82,500"
data scientist,WY,5,"71,500","98,000"
data analyst,WY,5,"45,000","62,000"
data science,WY,5,"71,500","98,000"
machine learning,WY,5,"71,000","99,000"
business analyst,WY,5,"59,000","79,000"
data engineer,WY,5,"62,500","83,000"
data scientist,AL,10,"74,000","101,000"
data analyst,AL,10,"43,000","59,000"
data science,AL,10,"74,000","101,000"
machine learning,AL,10,"74,000","103,500"
business analyst,AL,10,"57,500","77,000"
data engineer,AL,10,"64,500","85,500"
data scientist,AK,10,"83,000","113,500"
data analyst,AK,10,"53,000","72,500"
data science,AK,10,"84,000","114,500"
machine learning,AK,10,"81,500","114,500"
business analyst,AK,10,"67,500","90,000"
data engineer,AK,10,"73,000","97,000"
data scientist,AZ,10,"81,500","111,500"
data analyst,AZ,10,"50,500","69,000"
data science,AZ,10,"80,500","110,000"
machine learning,AZ,10,"80,000","111,500"
business analyst,AZ,10,"66,000","88,000"
data engineer,AZ,10,"72,000","95,500"
data scientist,AR,10,"75,000","103,000"
data analyst,AR,10,"44,500","61,000"
data science,AR,10,"77,000","105,500"
machine learning,AR,10,"76,000","106,500"
business analyst,AR,10,"59,000","79,000"
data engineer,AR,10,"66,500","88,500"
data scientist,CA,10,"86,000","118,000"
data analyst,CA,10,"56,500","77,500"
data science,CA,10,"86,000","118,000"
machine learning,CA,10,"86,000","120,500"
business analyst,CA,10,"71,500","95,500"
data engineer,CA,10,"77,500","102,500"
data scientist,CO,10,"86,000","117,500"
data analyst,CO,10,"55,500","76,000"
data science,CO,10,"86,000","117,500"
machine learning,CO,10,"85,500","119,500"
business analyst,CO,10,"69,500","93,000"
data engineer,CO,10,"77,500","102,500"
data scientist,CT,10,"87,000","119,500"
data analyst,CT,10,"55,500","76,000"
data science,CT,10,"87,000","119,500"
machine learning,CT,10,"85,000","119,000"
business analyst,CT,10,"72,000","96,500"
data engineer,CT,10,"81,000","107,500"
data scientist,DE,10,"82,000","112,500"
data analyst,DE,10,"52,000","71,000"
data science,DE,10,"82,000","112,500"
machine learning,DE,10,"81,000","113,000"
business analyst,DE,10,"66,000","88,500"
data engineer,DE,10,"72,000","95,500"
data scientist,FL,10,"81,000","111,000"
data analyst,FL,10,"50,500","69,000"
data science,FL,10,"80,000","109,500"
machine learning,FL,10,"79,000","110,000"
business analyst,FL,10,"65,500","88,000"
data engineer,FL,10,"72,000","95,500"
data scientist,GA,10,"79,000","108,500"
data analyst,GA,10,"47,500","65,000"
data science,GA,10,"78,500","107,500"
machine learning,GA,10,"77,500","108,500"
business analyst,GA,10,"63,000","84,000"
data engineer,GA,10,"68,500","91,000"
data scientist,HI,10,"82,000","112,500"
data analyst,HI,10,"51,500","70,500"
data science,HI,10,"82,500","113,000"
machine learning,HI,10,"82,000","115,000"
business analyst,HI,10,"66,000","88,500"
data engineer,HI,10,"72,000","95,500"
data scientist,ID,10,"81,500","111,500"
data analyst,ID,10,"50,500","69,000"
data science,ID,10,"81,500","111,500"
machine learning,ID,10,"80,500","112,500"
business analyst,ID,10,"66,000","88,000"
data engineer,ID,10,"72,000","95,500"
data scientist,IL,10,"82,500","113,500"
data analyst,IL,10,"52,000","71,500"
data science,IL,10,"82,500","113,500"
machine learning,IL,10,"81,500","114,000"
business analyst,IL,10,"66,500","89,000"
data engineer,IL,10,"72,000","95,500"
data scientist,IN,10,"77,000","105,000"
data analyst,IN,10,"44,500","61,000"
data science,IN,10,"77,000","105,000"
machine learning,IN,10,"74,000","103,500"
business analyst,IN,10,"58,500","78,500"
data engineer,IN,10,"66,000","87,500"
data scientist,IA,10,"78,500","107,500"
data analyst,IA,10,"47,500","65,000"
data science,IA,10,"79,000","108,500"
machine learning,IA,10,"78,500","110,000"
business analyst,IA,10,"63,000","84,000"
data engineer,IA,10,"68,500","91,000"
data scientist,KS,10,"79,000","108,500"
data analyst,KS,10,"47,000","64,000"
data science,KS,10,"78,500","107,500"
machine learning,KS,10,"78,000","109,000"
business analyst,KS,10,"63,000","84,000"
data engineer,KS,10,"68,500","91,000"
data scientist,KY,10,"78,500","107,500"
data analyst,KY,10,"47,000","64,000"
data science,KY,10,"79,000","108,500"
machine learning,KY,10,"78,500","110,000"
business analyst,KY,10,"62,500","83,500"
data engineer,KY,10,"65,000","86,000"
data scientist,LA,10,"74,500","101,500"
data analyst,LA,10,"44,000","60,000"
data science,LA,10,"76,500","104,500"
machine learning,LA,10,"75,000","104,500"
business analyst,LA,10,"59,000","79,000"
data engineer,LA,10,"61,000","81,000"
data scientist,ME,10,"80,000","109,500"
data analyst,ME,10,"50,500","69,000"
data science,ME,10,"81,000","111,000"
machine learning,ME,10,"80,000","112,000"
business analyst,ME,10,"65,500","88,000"
data engineer,ME,10,"69,000","91,500"
data scientist,MD,10,"86,000","118,000"
data analyst,MD,10,"56,500","77,500"
data science,MD,10,"86,000","118,000"
machine learning,MD,10,"85,500","120,000"
business analyst,MD,10,"71,000","95,000"
data engineer,MD,10,"81,000","107,500"
data scientist,MA,10,"90,000","123,000"
data analyst,MA,10,"57,500","79,000"
data science,MA,10,"91,500","125,000"
machine learning,MA,10,"89,000","124,500"
business analyst,MA,10,"75,500","101,000"
data engineer,MA,10,"82,500","109,000"
data scientist,MI,10,"79,000","108,500"
data analyst,MI,10,"49,000","67,500"
data science,MI,10,"79,000","108,500"
machine learning,MI,10,"79,500","111,000"
business analyst,MI,10,"63,500","85,000"
data engineer,MI,10,"68,000","90,000"
data scientist,MN,10,"86,000","117,500"
data analyst,MN,10,"53,500","73,500"
data science,MN,10,"84,500","115,500"
machine learning,MN,10,"84,500","118,000"
business analyst,MN,10,"68,500","91,500"
data engineer,MN,10,"77,500","102,500"
data scientist,MS,10,"74,500","101,500"
data analyst,MS,10,"41,500","57,000"
data science,MS,10,"72,000","98,500"
machine learning,MS,10,"73,000","102,000"
business analyst,MS,10,"56,000","75,000"
data engineer,MS,10,"59,500","78,500"
data scientist,MO,10,"79,000","108,500"
data analyst,MO,10,"47,000","64,000"
data science,MO,10,"78,500","107,500"
machine learning,MO,10,"78,000","109,000"
business analyst,MO,10,"62,500","83,500"
data engineer,MO,10,"68,500","91,000"
data scientist,MT,10,"82,000","112,500"
data analyst,MT,10,"50,500","69,000"
data science,MT,10,"82,000","112,500"
machine learning,MT,10,"81,500","114,000"
business analyst,MT,10,"65,500","87,500"
data engineer,MT,10,"72,500","96,500"
data scientist,NE,10,"80,500","110,000"
data analyst,NE,10,"50,500","69,000"
data science,NE,10,"81,500","111,500"
machine learning,NE,10,"79,500","111,000"
business analyst,NE,10,"65,000","87,000"
data engineer,NE,10,"72,000","95,500"
data scientist,NV,10,"79,000","108,500"
data analyst,NV,10,"49,000","67,500"
data science,NV,10,"79,000","108,500"
machine learning,NV,10,"79,000","110,500"
business analyst,NV,10,"64,500","86,000"
data engineer,NV,10,"70,000","93,000"
data scientist,NH,10,"86,000","118,000"
data analyst,NH,10,"56,500","77,500"
data science,NH,10,"87,000","119,500"
machine learning,NH,10,"85,500","120,000"
business analyst,NH,10,"71,500","95,500"
data engineer,NH,10,"77,500","102,500"
data scientist,NJ,10,"90,000","123,000"
data analyst,NJ,10,"57,000","78,000"
data science,NJ,10,"91,500","125,000"
machine learning,NJ,10,"88,500","123,500"
business analyst,NJ,10,"75,500","101,000"
data engineer,NJ,10,"80,000","106,000"
data scientist,NM,10,"79,000","108,500"
data analyst,NM,10,"47,000","64,000"
data science,NM,10,"79,000","108,500"
machine learning,NM,10,"77,500","108,500"
business analyst,NM,10,"62,500","83,500"
data engineer,NM,10,"65,000","86,000"
data scientist,NY,10,"84,500","115,500"
data analyst,NY,10,"54,000","74,000"
data science,NY,10,"85,500","117,000"
machine learning,NY,10,"84,000","118,000"
business analyst,NY,10,"70,000","93,500"
data engineer,NY,10,"77,000","102,000"
data scientist,NC,10,"79,000","108,500"
data analyst,NC,10,"47,500","65,000"
data science,NC,10,"79,000","108,500"
machine learning,NC,10,"78,000","109,000"
business analyst,NC,10,"62,500","83,500"
data engineer,NC,10,"68,500","91,000"
data scientist,ND,10,"76,500","104,500"
data analyst,ND,10,"45,500","62,000"
data science,ND,10,"76,500","104,500"
machine learning,ND,10,"76,500","107,000"
business analyst,ND,10,"60,500","81,000"
data engineer,ND,10,"67,500","89,500"
data scientist,OH,10,"78,500","107,500"
data analyst,OH,10,"47,000","64,000"
data science,OH,10,"79,000","108,500"
machine learning,OH,10,"77,000","108,000"
business analyst,OH,10,"63,000","84,000"
data engineer,OH,10,"65,000","86,000"
data scientist,OK,10,"75,000","103,000"
data analyst,OK,10,"44,500","61,000"
data science,OK,10,"75,000","103,000"
machine learning,OK,10,"74,000","103,500"
business analyst,OK,10,"58,500","78,500"
data engineer,OK,10,"66,000","87,500"
data scientist,OR,10,"80,500","110,000"
data analyst,OR,10,"50,500","69,000"
data science,OR,10,"80,500","110,000"
machine learning,OR,10,"80,500","112,500"
business analyst,OR,10,"66,000","88,000"
data engineer,OR,10,"72,000","95,500"
data scientist,PA,10,"82,500","113,000"
data analyst,PA,10,"52,000","71,000"
data science,PA,10,"82,500","113,000"
machine learning,PA,10,"82,000","115,000"
business analyst,PA,10,"66,000","88,500"
data engineer,PA,10,"72,000","95,500"
data scientist,RI,10,"84,000","115,500"
data analyst,RI,10,"55,000","75,000"
data science,RI,10,"84,000","115,500"
machine learning,RI,10,"84,000","117,500"
business analyst,RI,10,"69,500","93,000"
data engineer,RI,10,"76,500","101,500"
data scientist,SC,10,"74,500","101,500"
data analyst,SC,10,"44,000","60,500"
data science,SC,10,"76,500","104,500"
machine learning,SC,10,"74,500","104,000"
business analyst,SC,10,"58,000","77,500"
data engineer,SC,10,"65,500","87,000"
data scientist,SD,10,"75,000","103,000"
data analyst,SD,10,"43,000","59,000"
data science,SD,10,"74,000","101,000"
machine learning,SD,10,"72,500","101,500"
business analyst,SD,10,"57,500","77,000"
data engineer,SD,10,"61,000","80,500"
data scientist,TN,10,"78,000","107,000"
data analyst,TN,10,"45,500","62,000"
data science,TN,10,"78,000","107,000"
machine learning,TN,10,"75,000","105,000"
business analyst,TN,10,"60,000","80,500"
data engineer,TN,10,"67,500","89,500"
data scientist,TX,10,"82,500","113,000"
data analyst,TX,10,"52,000","71,500"
data science,TX,10,"82,500","113,000"
machine learning,TX,10,"81,000","113,000"
business analyst,TX,10,"66,000","88,500"
data engineer,TX,10,"72,000","95,500"
data scientist,UT,10,"85,500","117,000"
data analyst,UT,10,"54,000","74,000"
data science,UT,10,"84,500","115,500"
machine learning,UT,10,"84,000","117,500"
business analyst,UT,10,"70,000","93,500"
data engineer,UT,10,"77,000","101,500"
data scientist,VT,10,"82,500","113,000"
data analyst,VT,10,"52,000","71,500"
data science,VT,10,"82,000","112,500"
machine learning,VT,10,"81,500","114,000"
business analyst,VT,10,"66,000","88,500"
data engineer,VT,10,"72,000","95,500"
data scientist,VA,10,"85,500","117,000"
data analyst,VA,10,"55,000","75,000"
data science,VA,10,"84,000","115,500"
machine learning,VA,10,"84,000","117,000"
business analyst,VA,10,"69,500","93,000"
data engineer,VA,10,"76,500","101,500"
data scientist,WA,10,"85,500","117,000"
data analyst,WA,10,"53,500","73,000"
data science,WA,10,"85,500","117,000"
machine learning,WA,10,"84,000","117,500"
business analyst,WA,10,"69,000","92,500"
data engineer,WA,10,"79,000","104,500"
data scientist,WV,10,"78,500","107,500"
data analyst,WV,10,"47,000","64,000"
data science,WV,10,"78,500","107,500"
machine learning,WV,10,"77,000","108,000"
business analyst,WV,10,"63,000","84,000"
data engineer,WV,10,"68,500","91,000"
data scientist,WI,10,"79,000","108,500"
data analyst,WI,10,"49,000","67,500"
data science,WI,10,"80,500","110,000"
machine learning,WI,10,"79,500","111,000"
business analyst,WI,10,"64,500","86,000"
data engineer,WI,10,"68,000","90,000"
data scientist,WY,10,"80,000","109,500"
data analyst,WY,10,"49,000","67,500"
data science,WY,10,"79,000","108,000"
machine learning,WY,10,"79,000","110,500"
business analyst,WY,10,"63,500","85,000"
data engineer,WY,10,"69,500","92,500"
data scientist,AL,15,"79,000","108,000"
data analyst,AL,15,"45,500","62,500"
data science,AL,15,"79,000","108,000"
machine learning,AL,15,"78,000","109,000"
business analyst,AL,15,"59,500","79,500"
data engineer,AL,15,"64,000","84,500"
data scientist,AK,15,"87,000","119,000"
data analyst,AK,15,"55,500","76,000"
data science,AK,15,"88,000","120,500"
machine learning,AK,15,"85,500","119,500"
business analyst,AK,15,"70,000","93,500"
data engineer,AK,15,"79,000","104,500"
data scientist,AZ,15,"84,000","115,500"
data analyst,AZ,15,"53,500","73,500"
data science,AZ,15,"85,000","116,500"
machine learning,AZ,15,"83,000","116,000"
business analyst,AZ,15,"68,000","90,500"
data engineer,AZ,15,"75,500","100,000"
data scientist,AR,15,"78,500","107,500"
data analyst,AR,15,"47,500","65,000"
data science,AR,15,"80,500","110,000"
machine learning,AR,15,"77,000","108,000"
business analyst,AR,15,"61,000","82,000"
data engineer,AR,15,"69,000","91,500"
data scientist,CA,15,"94,000","128,500"
data analyst,CA,15,"61,000","83,500"
data science,CA,15,"94,000","128,500"
machine learning,CA,15,"91,000","127,000"
business analyst,CA,15,"74,000","99,000"
data engineer,CA,15,"86,000","114,000"
data scientist,CO,15,"91,000","124,000"
data analyst,CO,15,"58,000","79,500"
data science,CO,15,"91,000","124,000"
machine learning,CO,15,"91,500","128,000"
business analyst,CO,15,"72,000","96,500"
data engineer,CO,15,"83,000","110,000"
data scientist,CT,15,"94,000","128,500"
data analyst,CT,15,"61,000","83,500"
data science,CT,15,"91,500","125,500"
machine learning,CT,15,"91,000","127,000"
business analyst,CT,15,"73,500","98,500"
data engineer,CT,15,"83,000","110,000"
data scientist,DE,15,"86,000","117,500"
data analyst,DE,15,"54,500","75,000"
data science,DE,15,"86,000","117,500"
machine learning,DE,15,"85,000","118,500"
business analyst,DE,15,"67,000","89,500"
data engineer,DE,15,"75,500","99,500"
data scientist,FL,15,"84,500","115,500"
data analyst,FL,15,"54,000","74,000"
data science,FL,15,"83,500","114,500"
machine learning,FL,15,"82,500","115,000"
business analyst,FL,15,"67,500","90,500"
data engineer,FL,15,"72,500","96,000"
data scientist,GA,15,"82,000","112,500"
data analyst,GA,15,"51,000","69,500"
data science,GA,15,"82,500","113,000"
machine learning,GA,15,"81,500","114,000"
business analyst,GA,15,"63,500","85,500"
data engineer,GA,15,"72,000","95,000"
data scientist,HI,15,"86,000","117,500"
data analyst,HI,15,"54,000","73,500"
data science,HI,15,"86,000","117,500"
machine learning,HI,15,"85,000","118,500"
business analyst,HI,15,"67,000","89,500"
data engineer,HI,15,"76,500","101,500"
data scientist,ID,15,"84,000","115,500"
data analyst,ID,15,"53,500","73,500"
data science,ID,15,"85,000","116,500"
machine learning,ID,15,"83,000","116,000"
business analyst,ID,15,"66,500","89,000"
data engineer,ID,15,"75,500","100,000"
data scientist,IL,15,"86,500","118,000"
data analyst,IL,15,"54,500","75,000"
data science,IL,15,"86,500","118,500"
machine learning,IL,15,"85,500","119,500"
business analyst,IL,15,"69,000","92,500"
data engineer,IL,15,"77,500","102,500"
data scientist,IN,15,"78,500","107,500"
data analyst,IN,15,"46,500","64,000"
data science,IN,15,"78,500","107,500"
machine learning,IN,15,"78,000","109,000"
business analyst,IN,15,"60,000","80,000"
data engineer,IN,15,"68,500","90,500"
data scientist,IA,15,"82,000","112,500"
data analyst,IA,15,"50,000","68,000"
data science,IA,15,"82,000","112,500"
machine learning,IA,15,"81,500","114,000"
business analyst,IA,15,"65,000","86,500"
data engineer,IA,15,"72,000","95,000"
data scientist,KS,15,"82,500","113,000"
data analyst,KS,15,"50,000","68,000"
data science,KS,15,"82,500","113,000"
machine learning,KS,15,"82,500","115,500"
business analyst,KS,15,"64,000","86,000"
data engineer,KS,15,"68,500","90,500"
data scientist,KY,15,"82,000","112,500"
data analyst,KY,15,"50,000","68,000"
data science,KY,15,"82,000","112,500"
machine learning,KY,15,"82,500","115,500"
business analyst,KY,15,"63,500","85,500"
data engineer,KY,15,"72,000","95,000"
data scientist,LA,15,"77,500","106,500"
data analyst,LA,15,"46,500","63,500"
data science,LA,15,"79,500","109,000"
machine learning,LA,15,"77,500","108,500"
business analyst,LA,15,"59,000","79,000"
data engineer,LA,15,"64,000","85,000"
data scientist,ME,15,"84,500","115,500"
data analyst,ME,15,"54,000","74,000"
data science,ME,15,"83,500","114,500"
machine learning,ME,15,"84,000","117,500"
business analyst,ME,15,"66,000","88,000"
data engineer,ME,15,"75,000","99,000"
data scientist,MD,15,"94,000","128,500"
data analyst,MD,15,"60,500","82,500"
data science,MD,15,"94,000","128,500"
machine learning,MD,15,"92,000","129,000"
business analyst,MD,15,"74,000","99,000"
data engineer,MD,15,"86,000","114,000"
data scientist,MA,15,"97,500","133,500"
data analyst,MA,15,"62,500","85,500"
data science,MA,15,"95,500","130,500"
machine learning,MA,15,"97,000","136,000"
business analyst,MA,15,"78,500","105,000"
data engineer,MA,15,"88,000","117,000"
data scientist,MI,15,"83,000","113,500"
data analyst,MI,15,"53,000","73,000"
data science,MI,15,"83,000","113,500"
machine learning,MI,15,"82,000","114,000"
business analyst,MI,15,"66,500","89,000"
data engineer,MI,15,"73,500","97,000"
data scientist,MN,15,"89,000","122,000"
data analyst,MN,15,"57,000","78,000"
data science,MN,15,"89,000","122,000"
machine learning,MN,15,"89,500","125,000"
business analyst,MN,15,"71,000","95,000"
data engineer,MN,15,"79,000","104,500"
data scientist,MS,15,"75,500","103,000"
data analyst,MS,15,"45,000","62,000"
data science,MS,15,"75,500","103,000"
machine learning,MS,15,"77,500","108,000"
business analyst,MS,15,"57,000","76,000"
data engineer,MS,15,"66,000","88,000"
data scientist,MO,15,"82,000","112,500"
data analyst,MO,15,"50,000","68,000"
data science,MO,15,"82,500","113,000"
machine learning,MO,15,"80,500","112,500"
business analyst,MO,15,"63,500","85,000"
data engineer,MO,15,"68,500","90,500"
data scientist,MT,15,"86,000","117,500"
data analyst,MT,15,"53,500","73,500"
data science,MT,15,"86,000","117,500"
machine learning,MT,15,"84,500","118,000"
business analyst,MT,15,"68,000","91,000"
data engineer,MT,15,"76,000","100,500"
data scientist,NE,15,"84,500","115,500"
data analyst,NE,15,"53,500","73,500"
data science,NE,15,"84,500","115,500"
machine learning,NE,15,"83,000","116,000"
business analyst,NE,15,"66,500","89,000"
data engineer,NE,15,"73,000","96,500"
data scientist,NV,15,"84,000","115,000"
data analyst,NV,15,"53,000","73,000"
data science,NV,15,"83,000","113,500"
machine learning,NV,15,"83,000","115,500"
business analyst,NV,15,"64,500","86,500"
data engineer,NV,15,"73,500","97,000"
data scientist,NH,15,"94,000","128,500"
data analyst,NH,15,"60,500","82,500"
data science,NH,15,"94,000","128,500"
machine learning,NH,15,"93,500","131,000"
business analyst,NH,15,"74,000","99,000"
data engineer,NH,15,"83,000","110,000"
data scientist,NJ,15,"95,500","130,500"
data analyst,NJ,15,"62,500","85,500"
data science,NJ,15,"97,500","133,500"
machine learning,NJ,15,"95,000","133,000"
business analyst,NJ,15,"78,000","104,500"
data engineer,NJ,15,"86,500","114,500"
data scientist,NM,15,"82,500","113,000"
data analyst,NM,15,"50,000","68,000"
data science,NM,15,"82,000","112,500"
machine learning,NM,15,"80,500","112,500"
business analyst,NM,15,"63,500","85,500"
data engineer,NM,15,"72,000","95,000"
data scientist,NY,15,"89,000","122,000"
data analyst,NY,15,"58,000","79,500"
data science,NY,15,"89,000","122,000"
machine learning,NY,15,"88,500","123,500"
business analyst,NY,15,"72,000","96,500"
data engineer,NY,15,"83,000","110,000"
data scientist,NC,15,"82,000","112,500"
data analyst,NC,15,"50,500","69,000"
data science,NC,15,"82,000","112,500"
machine learning,NC,15,"81,500","114,000"
business analyst,NC,15,"65,000","86,500"
data engineer,NC,15,"72,000","95,000"
data scientist,ND,15,"80,000","109,500"
data analyst,ND,15,"48,000","65,500"
data science,ND,15,"80,000","109,500"
machine learning,ND,15,"80,500","112,000"
business analyst,ND,15,"61,500","82,000"
data engineer,ND,15,"66,500","88,000"
data scientist,OH,15,"82,000","112,500"
data analyst,OH,15,"51,000","69,500"
data science,OH,15,"82,500","113,000"
machine learning,OH,15,"80,500","112,500"
business analyst,OH,15,"63,500","85,500"
data engineer,OH,15,"68,500","90,500"
data scientist,OK,15,"80,000","109,500"
data analyst,OK,15,"47,000","64,500"
data science,OK,15,"78,500","107,500"
machine learning,OK,15,"78,000","109,000"
business analyst,OK,15,"60,000","80,000"
data engineer,OK,15,"68,500","90,500"
data scientist,OR,15,"84,000","115,500"
data analyst,OR,15,"53,500","73,500"
data science,OR,15,"85,000","116,500"
machine learning,OR,15,"83,000","115,500"
business analyst,OR,15,"68,000","90,500"
data engineer,OR,15,"73,000","96,500"
data scientist,PA,15,"86,000","117,500"
data analyst,PA,15,"54,500","75,000"
data science,PA,15,"86,000","117,500"
machine learning,PA,15,"86,500","121,000"
business analyst,PA,15,"68,000","91,000"
data engineer,PA,15,"75,500","99,500"
data scientist,RI,15,"88,500","121,500"
data analyst,RI,15,"58,500","80,500"
data science,RI,15,"88,500","121,500"
machine learning,RI,15,"88,500","123,500"
business analyst,RI,15,"72,000","96,000"
data engineer,RI,15,"83,000","109,500"
data scientist,SC,15,"77,500","106,500"
data analyst,SC,15,"46,500","63,500"
data science,SC,15,"79,500","109,000"
machine learning,SC,15,"78,000","109,500"
business analyst,SC,15,"60,000","80,500"
data engineer,SC,15,"64,000","85,000"
data scientist,SD,15,"79,000","108,000"
data analyst,SD,15,"45,500","62,500"
data science,SD,15,"79,000","108,000"
machine learning,SD,15,"76,000","106,000"
business analyst,SD,15,"58,500","78,500"
data engineer,SD,15,"64,000","84,500"
data scientist,TN,15,"81,500","111,500"
data analyst,TN,15,"48,000","66,000"
data science,TN,15,"81,500","111,500"
machine learning,TN,15,"80,500","112,000"
business analyst,TN,15,"62,000","82,500"
data engineer,TN,15,"70,000","92,500"
data scientist,TX,15,"86,000","117,500"
data analyst,TX,15,"54,500","75,000"
data science,TX,15,"86,000","117,500"
machine learning,TX,15,"86,500","121,000"
business analyst,TX,15,"68,000","91,000"
data engineer,TX,15,"76,500","101,500"
data scientist,UT,15,"90,000","123,500"
data analyst,UT,15,"58,000","79,500"
data science,UT,15,"89,000","122,000"
machine learning,UT,15,"88,500","123,500"
business analyst,UT,15,"72,000","96,500"
data engineer,UT,15,"80,500","106,500"
data scientist,VT,15,"86,000","117,500"
data analyst,VT,15,"54,000","73,500"
data science,VT,15,"86,000","117,500"
machine learning,VT,15,"86,500","121,000"
business analyst,VT,15,"68,000","91,000"
data engineer,VT,15,"75,500","99,500"
data scientist,VA,15,"90,000","123,000"
data analyst,VA,15,"58,500","80,500"
data science,VA,15,"88,500","121,500"
machine learning,VA,15,"87,500","122,000"
business analyst,VA,15,"72,000","96,000"
data engineer,VA,15,"83,000","109,500"
data scientist,WA,15,"90,000","123,500"
data analyst,WA,15,"57,500","78,500"
data science,WA,15,"89,000","122,000"
machine learning,WA,15,"87,500","122,500"
business analyst,WA,15,"71,500","95,500"
data engineer,WA,15,"79,500","105,500"
data scientist,WV,15,"82,000","112,500"
data analyst,WV,15,"51,000","69,500"
data science,WV,15,"82,500","113,000"
machine learning,WV,15,"82,500","115,500"
business analyst,WV,15,"65,000","86,500"
data engineer,WV,15,"72,000","95,000"
data scientist,WI,15,"83,000","113,500"
data analyst,WI,15,"52,500","72,000"
data science,WI,15,"84,000","115,000"
machine learning,WI,15,"83,000","115,500"
business analyst,WI,15,"64,500","86,500"
data engineer,WI,15,"73,500","97,000"
data scientist,WY,15,"82,500","112,500"
data analyst,WY,15,"52,500","71,500"
data science,WY,15,"82,500","112,500"
machine learning,WY,15,"81,000","113,000"
business analyst,WY,15,"66,000","88,500"
data engineer,WY,15,"71,000","93,500"
data scientist,AL,20,"77,500","106,500"
data analyst,AL,20,"46,000","62,500"
data science,AL,20,"78,500","107,500"
machine learning,AL,20,"78,000","109,500"
business analyst,AL,20,"59,000","79,000"
data engineer,AL,20,"64,000","84,500"
data scientist,AK,20,"87,500","119,500"
data analyst,AK,20,"55,000","75,000"
data science,AK,20,"87,500","119,500"
machine learning,AK,20,"86,500","121,000"
business analyst,AK,20,"68,000","91,000"
data engineer,AK,20,"78,500","104,000"
data scientist,AZ,20,"84,500","116,000"
data analyst,AZ,20,"54,000","74,000"
data science,AZ,20,"84,500","115,500"
machine learning,AZ,20,"83,500","116,500"
business analyst,AZ,20,"67,500","90,500"
data engineer,AZ,20,"75,000","99,500"
data scientist,AR,20,"80,000","109,500"
data analyst,AR,20,"47,500","65,000"
data science,AR,20,"79,000","108,000"
machine learning,AR,20,"78,000","109,000"
business analyst,AR,20,"60,500","80,500"
data engineer,AR,20,"68,500","91,000"
data scientist,CA,20,"92,000","126,500"
data analyst,CA,20,"60,500","83,000"
data science,CA,20,"93,500","128,000"
machine learning,CA,20,"91,000","126,500"
business analyst,CA,20,"74,000","98,500"
data engineer,CA,20,"83,000","109,500"
data scientist,CO,20,"92,000","125,500"
data analyst,CO,20,"58,000","79,500"
data science,CO,20,"91,000","124,500"
machine learning,CO,20,"89,000","124,500"
business analyst,CO,20,"71,500","96,000"
data engineer,CO,20,"81,000","107,000"
data scientist,CT,20,"93,500","128,000"
data analyst,CT,20,"61,000","83,500"
data science,CT,20,"92,000","126,000"
machine learning,CT,20,"92,500","129,000"
business analyst,CT,20,"73,000","98,000"
data engineer,CT,20,"85,500","113,500"
data scientist,DE,20,"86,000","118,000"
data analyst,DE,20,"53,500","73,500"
data science,DE,20,"86,000","118,000"
machine learning,DE,20,"85,000","118,500"
business analyst,DE,20,"67,000","89,500"
data engineer,DE,20,"75,000","99,500"
data scientist,FL,20,"84,000","115,000"
data analyst,FL,20,"53,500","73,000"
data science,FL,20,"84,000","115,000"
machine learning,FL,20,"83,000","116,000"
business analyst,FL,20,"65,500","87,500"
data engineer,FL,20,"72,500","96,000"
data scientist,GA,20,"82,500","113,000"
data analyst,GA,20,"49,500","68,000"
data science,GA,20,"82,500","113,000"
machine learning,GA,20,"81,500","113,500"
business analyst,GA,20,"64,500","86,500"
data engineer,GA,20,"71,500","95,000"
data scientist,HI,20,"86,000","118,000"
data analyst,HI,20,"53,500","73,500"
data science,HI,20,"85,500","117,000"
machine learning,HI,20,"87,000","121,500"
business analyst,HI,20,"67,000","89,500"
data engineer,HI,20,"75,000","99,500"
data scientist,ID,20,"84,500","116,000"
data analyst,ID,20,"53,500","73,000"
data science,ID,20,"84,500","115,500"
machine learning,ID,20,"82,500","115,500"
business analyst,ID,20,"66,000","88,500"
data engineer,ID,20,"73,000","96,500"
data scientist,IL,20,"86,500","118,500"
data analyst,IL,20,"53,500","73,500"
data science,IL,20,"86,000","118,000"
machine learning,IL,20,"84,000","117,500"
business analyst,IL,20,"67,500","90,000"
data engineer,IL,20,"77,000","102,500"
data scientist,IN,20,"80,000","109,000"
data analyst,IN,20,"47,000","64,500"
data science,IN,20,"79,000","108,000"
machine learning,IN,20,"79,500","111,000"
business analyst,IN,20,"60,500","80,500"
data engineer,IN,20,"65,000","86,000"
data scientist,IA,20,"82,500","113,000"
data analyst,IA,20,"49,500","68,000"
data science,IA,20,"82,500","113,000"
machine learning,IA,20,"80,500","112,000"
business analyst,IA,20,"64,500","86,500"
data engineer,IA,20,"71,500","95,000"
data scientist,KS,20,"82,500","112,500"
data analyst,KS,20,"50,000","68,500"
data science,KS,20,"82,500","112,500"
machine learning,KS,20,"80,500","112,000"
business analyst,KS,20,"64,000","85,500"
data engineer,KS,20,"71,000","94,000"
data scientist,KY,20,"82,500","113,000"
data analyst,KY,20,"50,500","69,000"
data science,KY,20,"82,500","113,000"
machine learning,KY,20,"80,500","113,000"
business analyst,KY,20,"63,500","85,000"
data engineer,KY,20,"71,500","95,000"
data scientist,LA,20,"79,000","108,500"
data analyst,LA,20,"46,500","63,500"
data science,LA,20,"78,000","107,000"
machine learning,LA,20,"77,500","108,000"
business analyst,LA,20,"59,000","79,000"
data engineer,LA,20,"64,000","85,000"
data scientist,ME,20,"84,000","115,000"
data analyst,ME,20,"54,000","74,000"
data science,ME,20,"84,000","115,000"
machine learning,ME,20,"83,000","116,000"
business analyst,ME,20,"65,500","87,500"
data engineer,ME,20,"74,500","99,000"
data scientist,MD,20,"93,500","128,000"
data analyst,MD,20,"60,500","83,000"
data science,MD,20,"92,000","126,500"
machine learning,MD,20,"90,500","126,500"
business analyst,MD,20,"74,000","98,500"
data engineer,MD,20,"85,500","113,500"
data scientist,MA,20,"96,000","131,500"
data analyst,MA,20,"62,000","85,000"
data science,MA,20,"96,000","131,500"
machine learning,MA,20,"94,000","131,500"
business analyst,MA,20,"78,000","104,500"
data engineer,MA,20,"86,500","114,000"
data scientist,MI,20,"83,500","114,500"
data analyst,MI,20,"53,000","72,500"
data science,MI,20,"83,500","114,500"
machine learning,MI,20,"82,500","115,000"
business analyst,MI,20,"64,500","86,500"
data engineer,MI,20,"73,000","97,000"
data scientist,MN,20,"90,500","123,500"
data analyst,MN,20,"56,500","77,000"
data science,MN,20,"90,500","123,500"
machine learning,MN,20,"88,500","124,000"
business analyst,MN,20,"70,500","94,500"
data engineer,MN,20,"79,000","104,500"
data scientist,MS,20,"75,500","103,500"
data analyst,MS,20,"44,000","60,000"
data science,MS,20,"78,000","106,500"
machine learning,MS,20,"76,000","106,500"
business analyst,MS,20,"58,000","77,500"
data engineer,MS,20,"62,000","82,000"
data scientist,MO,20,"82,500","112,500"
data analyst,MO,20,"50,000","68,500"
data science,MO,20,"82,500","112,500"
machine learning,MO,20,"81,500","113,500"
business analyst,MO,20,"64,000","85,500"
data engineer,MO,20,"68,000","90,000"
data scientist,MT,20,"85,500","117,000"
data analyst,MT,20,"54,000","74,000"
data science,MT,20,"85,500","117,000"
machine learning,MT,20,"84,500","118,500"
business analyst,MT,20,"67,500","90,500"
data engineer,MT,20,"75,500","100,000"
data scientist,NE,20,"84,500","115,500"
data analyst,NE,20,"53,500","73,000"
data science,NE,20,"84,500","115,500"
machine learning,NE,20,"83,000","116,000"
business analyst,NE,20,"67,500","90,000"
data engineer,NE,20,"74,500","99,000"
data scientist,NV,20,"83,000","114,000"
data analyst,NV,20,"52,000","71,500"
data science,NV,20,"83,000","114,000"
machine learning,NV,20,"82,500","115,000"
business analyst,NV,20,"66,000","88,500"
data engineer,NV,20,"73,000","97,000"
data scientist,NH,20,"93,500","128,000"
data analyst,NH,20,"60,000","82,500"
data science,NH,20,"93,500","128,000"
machine learning,NH,20,"91,000","126,500"
business analyst,NH,20,"73,000","98,000"
data engineer,NH,20,"83,000","109,500"
data scientist,NJ,20,"97,500","133,000"
data analyst,NJ,20,"62,000","85,000"
data science,NJ,20,"96,000","131,500"
machine learning,NJ,20,"94,000","131,500"
business analyst,NJ,20,"78,000","104,000"
data engineer,NJ,20,"88,000","116,500"
data scientist,NM,20,"82,500","113,000"
data analyst,NM,20,"50,500","69,500"
data science,NM,20,"82,500","113,000"
machine learning,NM,20,"83,000","116,000"
business analyst,NM,20,"64,500","86,500"
data engineer,NM,20,"71,500","95,000"
data scientist,NY,20,"89,500","122,500"
data analyst,NY,20,"58,000","79,500"
data science,NY,20,"90,000","123,000"
machine learning,NY,20,"87,000","121,500"
business analyst,NY,20,"71,500","96,000"
data engineer,NY,20,"80,500","106,500"
data scientist,NC,20,"82,500","113,000"
data analyst,NC,20,"50,500","69,000"
data science,NC,20,"82,500","113,000"
machine learning,NC,20,"83,000","116,000"
business analyst,NC,20,"63,500","85,000"
data engineer,NC,20,"68,000","90,500"
data scientist,ND,20,"81,000","111,000"
data analyst,ND,20,"48,000","65,500"
data science,ND,20,"81,000","111,000"
machine learning,ND,20,"80,000","111,500"
business analyst,ND,20,"61,000","82,000"
data engineer,ND,20,"66,500","88,000"
data scientist,OH,20,"82,500","113,000"
data analyst,OH,20,"50,500","69,500"
data science,OH,20,"82,500","113,000"
machine learning,OH,20,"80,500","112,000"
business analyst,OH,20,"63,500","85,000"
data engineer,OH,20,"71,500","95,000"
data scientist,OK,20,"79,000","108,000"
data analyst,OK,20,"46,500","63,500"
data science,OK,20,"79,000","108,000"
machine learning,OK,20,"79,000","110,000"
business analyst,OK,20,"60,000","80,000"
data engineer,OK,20,"68,000","90,000"
data scientist,OR,20,"84,500","115,500"
data analyst,OR,20,"53,500","73,000"
data science,OR,20,"84,500","115,500"
machine learning,OR,20,"83,000","116,500"
business analyst,OR,20,"66,000","88,500"
data engineer,OR,20,"73,000","96,500"
data scientist,PA,20,"85,500","117,000"
data analyst,PA,20,"53,500","73,500"
data science,PA,20,"86,000","118,000"
machine learning,PA,20,"87,000","121,500"
business analyst,PA,20,"67,500","90,500"
data engineer,PA,20,"75,000","99,500"
data scientist,RI,20,"89,000","122,000"
data analyst,RI,20,"58,000","79,000"
data science,RI,20,"89,000","122,000"
machine learning,RI,20,"88,000","123,000"
business analyst,RI,20,"71,500","95,500"
data engineer,RI,20,"80,000","106,000"
data scientist,SC,20,"78,000","107,000"
data analyst,SC,20,"46,000","63,500"
data science,SC,20,"78,000","107,000"
machine learning,SC,20,"77,500","108,000"
business analyst,SC,20,"60,000","80,000"
data engineer,SC,20,"67,500","89,500"
data scientist,SD,20,"78,500","107,500"
data analyst,SD,20,"45,500","62,500"
data science,SD,20,"77,500","106,500"
machine learning,SD,20,"78,000","109,500"
business analyst,SD,20,"59,000","79,000"
data engineer,SD,20,"64,000","84,500"
data scientist,TN,20,"81,000","111,000"
data analyst,TN,20,"47,500","65,000"
data science,TN,20,"80,000","109,500"
machine learning,TN,20,"78,500","110,000"
business analyst,TN,20,"61,500","82,500"
data engineer,TN,20,"66,500","88,000"
data scientist,TX,20,"85,500","117,000"
data analyst,TX,20,"53,500","73,500"
data science,TX,20,"85,500","117,000"
machine learning,TX,20,"85,000","118,500"
business analyst,TX,20,"68,000","91,000"
data engineer,TX,20,"75,000","99,500"
data scientist,UT,20,"90,000","123,000"
data analyst,UT,20,"58,000","79,500"
data science,UT,20,"90,000","123,000"
machine learning,UT,20,"88,500","123,000"
business analyst,UT,20,"72,000","96,000"
data engineer,UT,20,"80,500","106,000"
data scientist,VT,20,"86,000","118,000"
data analyst,VT,20,"54,500","74,500"
data science,VT,20,"85,500","117,000"
machine learning,VT,20,"84,500","118,000"
business analyst,VT,20,"67,000","89,500"
data engineer,VT,20,"76,500","101,000"
data scientist,VA,20,"89,000","122,000"
data analyst,VA,20,"58,000","79,000"
data science,VA,20,"89,500","123,000"
machine learning,VA,20,"88,000","123,000"
business analyst,VA,20,"71,500","95,500"
data engineer,VA,20,"80,000","106,000"
data scientist,WA,20,"90,000","123,000"
data analyst,WA,20,"57,500","79,000"
data science,WA,20,"90,000","123,000"
machine learning,WA,20,"88,500","123,000"
business analyst,WA,20,"71,000","95,000"
data engineer,WA,20,"79,500","105,500"
data scientist,WV,20,"82,500","113,000"
data analyst,WV,20,"49,500","68,000"
data science,WV,20,"82,500","113,000"
machine learning,WV,20,"83,000","116,000"
business analyst,WV,20,"64,500","86,500"
data engineer,WV,20,"68,000","90,500"
data scientist,WI,20,"83,000","114,000"
data analyst,WI,20,"52,000","71,500"
data science,WI,20,"83,500","114,500"
machine learning,WI,20,"81,500","114,500"
business analyst,WI,20,"64,500","86,500"
data engineer,WI,20,"73,000","97,000"
data scientist,WY,20,"82,500","113,000"
data analyst,WY,20,"53,000","72,500"
data science,WY,20,"82,500","113,000"
machine learning,WY,20,"80,500","112,500"
business analyst,WY,20,"64,500","86,500"
data engineer,WY,20,"72,500","96,000"
